ID,Notional,MtM,1m,2m,3m,4m,5m,6m,7m,8m,9m,10m,11m,1y,2y,3y,4y,5y,10y
1,8939000,214000,-27.44588874,-27.39535607,0.008122213,0.013442764,0.022488859,193.7411029,-164.549612,-78.36025045,0.067178045,0.07594233,0.104629062,75.211716,-3.657588246,-3.98101432,17.70644997,-24370.40541,-44315.8051
2,20303000,194000,0.002344001,0.008666667,-230.7083494,-20.58773574,0.055208406,136.7574924,0.096144119,0.121114819,-593.6439771,-104.137295,0.231681355,-22100.0536,-15752.16419,0,0,0,0
3,49091000,125000,0.005444063,0.021996979,-1385.779309,-25247.80496,0,0,0,0,0,0,0,0,0,0,0,0,0
4,12121000,-554000,-0.001229231,-0.005005453,84.19656243,92.7842913,-0.027783938,-260.792042,-0.063009132,-0.077188115,207.1145812,195.6367184,-0.121554465,-292.4960372,25183.82682,14993.23319,0,0,0
5,11364000,-25000,-0.001336438,-0.004358656,75.07701766,88.40584619,-0.030071835,-279.2416061,-0.056097294,-0.074356987,174.8515855,177.13956,-0.124358857,-253.6551321,-1.77912788,8625.102384,45246.07719,0,0
6,73030000,668000,-49.8422019,-459.5140717,0.064965762,0.113338761,0.172442697,1591.641604,-245.7929402,-1846.94253,0.585083807,0.635786242,0.853442628,885.9251165,-168690.6384,-49496.53458,0,0,0
7,51288000,-120000,-0.005644168,13179.29154,1168.727946,0,0,0,0,0,0,0,0,0,0,0,0,0,0
8,51288000,-113000,-0.006164246,11679.95307,4230.864395,0,0,0,0,0,0,0,0,0,0,0,0,0,0
9,51288000,-116000,-0.005297276,10823.60864,4223.470057,0,0,0,0,0,0,0,0,0,0,0,0,0,0
10,9394000,-109000,-0.000925988,-0.004019433,-0.009532906,70.17682031,83.26092637,-0.033075784,-0.041980885,-0.055540445,-0.077795191,5337.173614,6018.097419,0,0,0,0,0,0
11,27273000,272000,0.003054026,0.011033585,-21.34660045,-439.9568133,0.066361105,0.100926694,0.120619632,0.156770192,0.20042333,-34542.1645,0,0,0,0,0,0,0
12,74242000,-418000,-0.008622027,16560.16721,4540.383479,0,0,0,0,0,0,0,0,0,0,0,0,0,0
13,11439000,631000,0.00114151,0.005222728,0.010632424,0.019613317,-162.6019066,167.5339715,0.057123347,0.075082268,0.0884309,0.109011045,-288.5917024,233.9348412,-1745.017435,-42442.75755,0,0,0
14,51515000,-263000,-0.005180521,-0.022442856,-0.055415462,-0.090024721,965.321146,-0.189153588,-0.246073199,-0.321418921,-0.369259073,5864.650995,62297.0852,0,0,0,0,0,0
15,9091000,-86000,-0.000981828,-0.00401571,7.245572816,141.9282416,-0.022305535,-0.034854409,-0.043607342,-0.056700729,-0.068391935,11588.88114,0,0,0,0,0,0,0
16,18606000,218000,0.002037931,0.007779761,0.01842463,-139.3315486,-189.8955666,0.070751127,0.090886952,0.115177049,0.155925767,-10619.95903,-12377.23693,0,0,0,0,0,0
17,33015000,-382000,-0.003839166,-0.012409043,-0.033642009,-0.059359614,106.5111588,617.3276667,-0.159014613,-0.200083821,-0.271354576,-0.333439171,5082.275277,42096.79065,0,0,0,0,0
18,33409000,-122000,-0.003994894,-0.012972649,156.5104945,309.6440357,-0.079211986,-780.3069846,-0.161385351,-0.21601858,440.2725923,757.5075586,-0.348321895,-799.6835754,10.02747803,24874.68217,157611.1561,0,0
19,25379000,173000,0.002545355,0.00996491,-621.9452765,-10946.35494,0,0,0,0,0,0,0,0,0,0,0,0,0
20,51515000,364000,0.005423895,0.021632852,0.047062836,0.084724736,-32528.24729,0,0,0,0,0,0,0,0,0,0,0,0
21,12121000,-563000,-0.001373932,-0.004682308,76.43335106,85.72716186,-0.028778248,-307.039038,-0.052635147,-0.075921278,184.6918561,214.2729489,-0.125059006,-311.130594,23333.23886,14089.48165,0,0,0
22,20303000,194000,0.00225136,0.008120621,-255.6327113,-20.89362,0.047810024,141.9193945,0.088585201,0.136028437,-628.8774084,-110.0340511,0.220267316,-22018.91422,-15389.89405,0,0,0,0
23,20303000,184000,0.002139518,0.008202335,-130.6045416,-157.0041348,0.051883345,139.2372319,0.095480067,0.135506005,-298.3628347,-366.6410316,0.234124148,-18018.85175,-16655.24731,0,0,0,0
24,40606000,-417000,-0.004185771,-0.015570746,35.96471501,595.6981635,-0.098558491,-303.6233957,-0.186260585,-0.23761065,-0.336071903,1448.121811,-0.471104741,34672.65472,41642.58067,0,0,0,0
25,51288000,-124000,-0.00573123,7147.190866,9702.463928,0,0,0,0,0,0,0,0,0,0,0,0,0,0
26,23252000,-473000,-0.002836902,187.6634413,16.42311942,-0.037260458,-0.054673963,-505.502597,-0.106251594,559.9780674,111.2759366,-0.217763468,-0.263110392,-325.1769469,-0.217136128,13.08704746,110478.8293,28173.94447,0
27,100000000,-152000,-0.01155632,-0.040395474,41421.20424,0,0,0,0,0,0,0,0,0,0,0,0,0,0
28,26515000,-105000,-0.002911343,-0.010908258,324.5674723,29.50245508,-0.068505481,-167.1642528,-0.130145444,-0.157762796,822.7605631,137.0656098,-0.314635249,24111.96599,18961.64022,0,0,0,0
29,185400000,272000,0.02010741,0.073112454,-82429.01839,0,0,0,0,0,0,0,0,0,0,0,0,0,0
30,9000000,13000,0.001103144,0.003850231,-3337.259148,0,0,0,0,0,0,0,0,0,0,0,0,0,0
31,5600000,8000,0.000579475,0.002370503,-2262.595958,0,0,0,0,0,0,0,0,0,0,0,0,0,0
32,26515000,-100000,-0.002696132,-0.011437342,252.2389124,80.60896268,-0.062818775,-189.0805998,-0.117861465,-0.177177905,579.295452,287.487084,-0.293082932,28428.08306,22250.06897,0,0,0,0
33,18258000,100000,0.001924018,0.007193255,-186.1225011,-56.16074994,0.042030979,428.7924749,0.083795754,0.11842501,-462.3866444,-168.6356476,0.211150227,413.9661594,-37521.27909,-21975.79081,0,0,0
34,23485000,125000,0.002711894,0.010621193,-215.7164469,-76.97068183,0.056399895,515.7293467,0.118234609,0.134821546,-544.1087088,-238.885519,0.252491471,515.8299352,6.551615666,-24.32556706,-86598.0457,-44628.97071,0
35,51288000,65000,0.0053997,0.022035492,-15646.50473,-5891.761098,0,0,0,0,0,0,0,0,0,0,0,0,0
36,2842000,3000,0.00030365,0.00117853,-943.4863313,-329.3030374,0,0,0,0,0,0,0,0,0,0,0,0,0
37,78177000,95000,0.008475031,0.035157188,-27245.57987,-8505.683484,0,0,0,0,0,0,0,0,0,0,0,0,0
38,2852000,3000,0.000354052,0.001219756,-839.2907644,-320.1909359,0,0,0,0,0,0,0,0,0,0,0,0,0
39,11228000,14000,0.001218699,0.00502876,-3716.0238,-1327.243661,0,0,0,0,0,0,0,0,0,0,0,0,0
40,1147000,1000,0.000138073,0.000480098,-401.8771912,-116.8069011,0,0,0,0,0,0,0,0,0,0,0,0,0
41,3635000,4000,0.000385445,0.001576945,-1221.461779,-362.8655859,0,0,0,0,0,0,0,0,0,0,0,0,0
42,2694000,3000,0.000280205,0.001222238,-841.012861,-310.3825382,0,0,0,0,0,0,0,0,0,0,0,0,0
43,11742000,-81000,-0.001161578,-0.004762826,105.8936414,49.40169605,-0.029192699,-251.804653,-0.052145748,-0.073128305,191.1482239,210.5476941,-0.136269454,-297.0073337,-1.644223199,13.48338189,44718.77004,24094.45481,0
44,52121000,85000,0.006018547,0.021373113,-15324.27009,-7573.261067,0,0,0,0,0,0,0,0,0,0,0,0,0
45,11818000,-86000,-0.001365811,-0.004770155,107.6176272,54.44670189,-0.029251238,-300.236099,-0.05780822,-0.071841517,196.3019369,202.035109,-0.115727889,-272.2955539,-1.586543682,13.75740304,46423.11964,21055.06499,0
46,12121000,-137000,-0.001260577,-0.005493105,97.44807726,62.70914985,-0.028818236,-300.7791782,-0.053126839,-0.082000033,226.0225662,199.918373,-0.136304025,-302.6102709,-3.277407874,11.36984099,41103.22262,22728.23869,0
47,12121000,137000,0.001222754,0.005454249,-88.78337844,-71.23846508,0.029266074,263.7090324,0.062731464,0.072212836,-219.7347794,-216.4558942,0.142526917,299.6207742,3.408103147,-11.99431891,-42486.07764,-21583.12004,0
48,23485000,265000,0.002782922,0.010455389,-195.1694666,-119.2400767,0.054064555,549.6947611,0.108795924,0.136119332,-393.0497405,-387.1758971,0.244720389,507.5865538,6.90457507,-26.38307556,-89127.10933,-43808.44421,0
49,11742000,142000,0.001187152,0.004601944,-104.1522762,-69.65721223,0.028986877,275.3237803,0.060232997,0.069297934,-205.0606532,-193.07638,0.137651702,260.6026047,3.147581282,-12.31327875,-45623.04359,-22029.54455,0
50,11742000,151000,0.001224253,0.005413679,-103.9800657,-64.39212067,0.02957128,251.8894178,0.056634164,0.07226683,-207.86579,-200.978361,0.138656535,259.6536537,3.245016676,-11.59667113,-47309.04074,-22676.36407,0
51,26515000,118000,0.003146278,0.010353692,-195.7429886,-206.3194189,0.061945629,169.9302472,0.134947399,0.169856142,-416.3030432,-413.9814962,0.272351112,-24617.74736,-24136.39111,0,0,0,0
52,11742000,-114000,-0.001354189,-0.00454071,79.06977992,80.27526113,-0.029281796,-287.6965253,-0.053764886,-0.074703098,206.1615919,192.8668934,-0.124103776,-282.7865097,-1.724756761,11.12490312,46598.78846,23115.10813,0
53,27273000,120000,0.002820158,0.010670934,-176.7447858,-176.9216676,0.060937231,199.3005443,0.139964198,0.160613066,-441.3562187,-424.7969972,0.275588947,-24075.13013,-20604.55857,0,0,0,0
54,26515000,114000,0.003058569,0.011548439,-195.389884,-193.3773428,0.069756905,178.7144893,0.116221966,0.176365304,-485.5432084,-434.4621655,0.288913444,-25375.95616,-22497.25116,0,0,0,0
55,12121000,-115000,-0.001242582,-0.004891911,74.93693332,78.83410619,-0.031618186,-268.6600974,-0.053438505,-0.068458179,215.568471,218.5834223,-0.133394945,-298.8917649,-2.009288837,12.44243843,48930.67072,23130.05632,0
56,26515000,-107000,-0.002870265,-0.012040913,172.091242,207.5301428,-0.067549625,-199.3697823,-0.129262357,-0.172102166,415.9282232,420.0617849,-0.313230231,25510.94586,20111.23059,0,0,0,0
57,23485000,-187000,-0.002381536,-0.009422381,159.8009027,184.1034321,-0.061303166,-580.4164017,-0.114885255,-0.158489485,395.1720038,395.5892973,-0.277078623,-606.0093609,-3.680556775,24.30911349,88577.45006,46819.16509,0
58,26515000,-99000,-0.003044506,-0.010985551,172.3490731,207.0682748,-0.066576119,-192.0232046,-0.122700061,-0.152936184,419.081341,495.5987636,-0.299061816,24636.11534,22762.92255,0,0,0,0
59,53030000,202000,0.005684363,0.024057995,-373.616328,-407.0161787,0.141507609,372.7981439,0.234766365,0.35759756,-864.9002398,-828.5492755,0.579746471,-50864.58406,-44265.38803,0,0,0,0
60,51288000,94000,-5.16486E-06,-2.97857E-06,10211.59356,11396.43655,0.123530874,365.1431691,0.225478516,0.30434907,0.408939199,0.433232754,0.616387275,-45540.52331,-40708.45335,0,0,0,0
61,23485000,178000,0.002378712,0.010668391,-159.8372906,-164.3686461,0.05922442,608.3644741,0.10163339,0.135512332,-385.8125387,-425.6282731,0.238922849,541.6942742,3.175337473,-23.84417978,-86990.10101,-46192.7521,0
62,227273000,-396000,2.05663E-05,1.42319E-05,-45903.44238,-54537.23054,-0.556217042,-1671.02433,-1.131501093,-1.350156478,-1.926924922,-2.262089226,-2.439249379,227441.9037,199800.8036,0,0,0,0
63,11742000,89000,0.001365731,0.004917519,-76.31487636,-105.5717768,0.026922227,269.8038933,0.060667217,0.066542929,-196.1733877,-215.7997119,0.114685611,277.096303,1.765613354,-12.72392209,-39950.58884,-21146.38114,0
64,159091000,119000,0.016140251,0.071274281,0.149320139,0.26341232,0.387861068,-90489.46448,-44060.77528,0,0,0,0,0,0,0,0,0,0
65,27197000,-118000,-0.002875727,-0.011130323,136.1729597,253.1336954,-0.068633368,-222.5533046,-0.123620726,-0.176676991,380.8617545,602.6870411,-0.308355151,24383.34071,24084.52614,0,0,0,0
66,11970000,-103000,-0.001352324,-0.004910554,64.81692386,114.2575655,-0.030792921,-263.1017546,-0.054095999,-0.072216622,172.5487235,225.5488423,-0.13741601,-267.6543493,3.361773045,17.34485552,47278.6116,24238.41683,0
67,27197000,-118000,-0.002819704,-0.01071422,98.6548017,315.0559172,-0.06235178,-204.7135186,-0.123718035,-0.160937942,353.467244,609.8674422,-0.287135666,25980.41558,22920.77824,0,0,0,0
68,11970000,-131000,-0.001307693,-0.005400492,31.03764767,138.0520608,-0.029898603,-297.4289563,-0.061468172,-0.066990325,84.16669986,322.2642019,-0.119517549,-306.962966,-2.352924349,8.193159993,44112.89174,27522.25833,0
69,23939000,-263000,-0.002456335,-0.009287879,64.40351164,322.8773743,-0.062353048,-553.844706,-0.118621731,-0.133941422,165.4886335,694.7499689,-0.24313841,-561.1277355,-4.328792047,17.00316762,92481.45362,46940.56946,0
70,52803000,-99000,-0.005449573,-0.024081158,3858.022826,23520.90282,0,0,0,0,0,0,0,0,0,0,0,0,0
71,211212000,-397000,-0.022266325,-0.100199297,15102.5599,90980.37524,0,0,0,0,0,0,0,0,0,0,0,0,0
72,5136000,70000,0.000553474,0.002199021,0.004665435,-84.06375813,-6.890446717,117.5192781,0.022227728,0.029119724,0.039195045,-180.8202625,-14.30829048,136.0282435,2.511786857,-9.217536325,-19312.29004,-12610.79883,0
73,1779000,2000,0.000184157,0.000734278,-590.7471628,-193.9235267,0,0,0,0,0,0,0,0,0,0,0,0,0
74,121250000,153000,0.014523577,0.054188827,-39249.0041,-13597.16165,0,0,0,0,0,0,0,0,0,0,0,0,0
75,5638000,7000,0.000650494,0.002354743,-1872.56761,-645.4549313,0,0,0,0,0,0,0,0,0,0,0,0,0
76,17414000,22000,0.002058823,0.007701682,-5537.292008,-2079.822434,0,0,0,0,0,0,0,0,0,0,0,0,0
77,4178000,5000,0.000513882,0.001963815,-1320.938773,-477.764891,0,0,0,0,0,0,0,0,0,0,0,0,0
78,3881000,-21000,-0.000465455,-0.001490464,41.37523761,12.98798248,-0.010441201,-86.67691395,-0.016612458,-0.021891931,88.59205945,33.23826304,-0.04086904,-84.82928112,-0.553917496,3.871290049,15776.40564,6887.482793,0
79,27021000,-144000,-0.002778795,-0.01078542,253.5949179,84.50009459,-0.067266858,-635.4347378,-0.133751375,-0.149813829,610.180025,245.7469836,-0.305813327,-550.482123,-7.909376284,28.00538659,98629.72495,47519.89579,0
80,1257000,-7000,-0.000140453,-0.00049519,11.3946224,4.003671107,-0.002878135,-32.05784367,-0.006063315,-0.007581352,33.02931291,11.73275066,-0.014340311,-29.90024805,-0.16203719,1.283359746,4827.944608,2310.580186,0
81,931000,-5000,-0.000107887,-0.000393048,8.854126574,2.86745098,-0.002084248,-21.2622604,-0.004340149,-0.005768877,21.6203783,8.426055179,-0.009857749,-22.2404713,-0.118985302,0.902086913,3760.147035,1661.363406,0
82,4407000,6000,0.000461469,0.002033482,-1560.148087,-482.6686221,0,0,0,0,0,0,0,0,0,0,0,0,0
83,4424000,6000,0.00050882,0.001769925,-1450.031819,-512.7922201,0,0,0,0,0,0,0,0,0,0,0,0,0
84,397000,-2000,-4.25101E-05,-0.000169109,3.70506679,1.286470906,-0.001059743,-10.16942513,-0.001808802,-0.002659517,9.81906317,3.494081478,-0.004288274,-9.281828837,-0.057296926,0.415917667,1430.103291,683.1539743,0
85,982000,-5000,-0.000109121,-0.000386798,9.760587736,3.505639283,-0.002646421,-24.23473256,-0.004751852,-0.006259683,22.39518439,7.769446701,-0.011151865,-22.17938272,-0.128690253,0.923212984,3869.407289,1659.826701,0
86,986000,-5000,-0.00010614,-0.000377624,10.35196361,3.374314565,-0.002455751,-22.7124561,-0.004871647,-0.006415659,24.16079363,7.727700016,-0.010402308,-20.4524783,-0.129444878,1.019990433,3963.815091,1735.089371,0
87,27197000,-112000,-0.002787454,-0.011051717,-0.027409579,336.3078325,145.8734673,-234.7120488,-0.136139508,-0.163056688,-0.219781564,738.5288392,293.3302209,24718.66677,25409.1761,0,0,0,0
88,11970000,77000,0.001312371,0.004648374,0.013203313,-138.0819063,-58.58959311,299.091875,0.062207983,0.066905975,0.089415556,-303.6597377,-127.8508784,317.4780073,2.324162355,-7.603270106,-43706.0387,-30833.87674,0
89,11970000,126000,0.001285939,0.00539301,0.010855025,-85.39449306,-131.6860439,298.1138085,0.057308721,0.077625687,0.090559022,-206.6433204,-214.0181449,379.8365029,6.926045791,-9.898760322,-35046.57836,-27606.88188,0
90,3942000,-36000,-0.000428442,-0.001508398,-0.003993123,38.88590172,32.07255678,-100.5184524,-0.019699193,-0.022654235,-0.028200793,82.65109251,51.58855742,-103.6211921,1.4771591,3.105542292,12701.30486,9749.824036,0
91,4942000,-45000,-0.000535388,-0.002089231,-0.004864968,44.38257686,41.26276053,-116.2726591,-0.02148324,-0.030551823,-0.039085716,110.0299397,60.71285071,-147.6148493,1.617377246,3.98914218,14908.91134,11098.47959,0
92,21991000,45000,0.002371664,0.009586972,0.022636633,-6980.991604,-6380.063898,0,0,0,0,0,0,0,0,0,0,0,0
93,109601000,-999000,-0.011137596,-0.044822178,-0.099788786,1016.890829,957.1570877,-2567.295934,-0.503706133,-0.699831795,-0.867120297,2327.063285,1481.077827,-3419.810444,35.28533437,80.29359958,379644.3374,241223.2568,0
94,17542000,36000,0.0019548,0.007043711,0.017806849,-4935.7747,-4560.802148,0,0,0,0,0,0,0,0,0,0,0,0
95,22643000,-29000,-0.002607386,-0.00961546,7972.852881,2561.622077,0,0,0,0,0,0,0,0,0,0,0,0,0
96,5036000,25000,0.00052046,0.00222307,-45.22982748,-17.98151442,0.011549369,129.6120551,0.025723644,0.033176883,-132.5979431,-44.42326803,0.050485521,117.6168462,0.720696549,-4.629632897,-20947.93651,-8397.78483,0
97,487740000,999000,0.050480203,0.191193076,0.520730983,-147178.3417,-135094.3606,0,0,0,0,0,0,0,0,0,0,0,0
98,17700000,-23000,-0.002134237,-0.007840971,5371.964336,1981.654789,0,0,0,0,0,0,0,0,0,0,0,0,0
99,486931000,-626000,-0.055689766,-0.209523839,153430.462,50225.10884,0,0,0,0,0,0,0,0,0,0,0,0,0
100,3937000,19000,0.000393282,0.001552267,-38.91550187,-11.89847492,0.009187906,87.90894876,0.020306961,0.021920942,-104.6783773,-32.80745684,0.043647317,84.85460852,0.574577465,-3.846869151,-15743.09202,-6702.250843,0
101,108300000,535000,0.013068637,0.047131281,-1068.502566,-326.7991208,0.271689726,2794.51752,0.5298082,0.633902707,-2535.545115,-980.5252139,1.240449238,2399.275423,30.49927944,-106.6937143,-427085.2351,-213930.7531,0
102,5455000,-26000,-0.000637774,-0.0024978,67.18436353,6.534471627,-0.014823702,-35.38649269,-0.024064525,-0.031281534,148.2940609,29.86827452,-0.055627498,5777.937929,4194.188159,0,0,0,0
103,35909000,-136000,-0.004168516,-0.013963329,-0.032320239,199.2900976,492.0582338,-839.1555317,-0.179018407,-0.230324145,-0.274174662,398.3952989,978.0050385,-1056.560173,0.619223396,6.373070388,121244.8035,82256.32941,0
104,81591000,-183000,-0.009378036,-0.031404138,-0.081880019,455.3387878,1080.210352,-787.9380893,-0.40513616,-0.490541113,-0.684688361,980.5181251,2223.325235,65760.75795,97892.20285,0,0,0,0
105,54394000,-150000,-0.005375152,-0.024067875,-0.051225063,240.6666106,776.6772626,-473.909924,-0.276260954,-0.354086302,-0.415797076,527.8323973,1643.433092,47645.74362,65512.54336,0,0,0,0
106,23939000,100000,0.002385382,0.01090897,0.022386832,-101.2616976,-319.7772591,610.0543624,0.114043493,0.15938319,0.187775909,-241.3322734,-675.1792914,796.9844648,4.539585889,-3.410870792,-74823.82098,-66509.68503,0
107,23939000,100000,0.002553073,0.009431865,0.02513626,-99.35667137,-344.8371172,566.0562886,0.119374784,0.157454244,0.182391579,-214.3757143,-697.4679881,800.7287329,3.948355057,-3.422925965,-79727.63895,-60099.4089,0
108,27197000,-64000,-0.003130718,-0.011041799,-0.028390485,110.6337093,358.5514098,-284.7412054,-0.128981922,-0.155079837,-0.228031132,235.483634,762.9667433,20805.87493,28752.56153,0,0,0,0
109,11970000,22000,0.001287438,0.004859468,0.012659113,-45.87676515,-160.7063032,295.5878206,0.0617154,0.070069974,0.089004586,-87.59027075,-367.7469305,414.1567056,4.611282413,-15.86089224,-38150.3212,-29074.55839,0
110,14470000,-44000,-0.001671534,-0.006029074,-0.013064357,57.64621216,213.4142646,-364.7370535,-0.073985913,-0.095744359,-0.1022513,118.9191767,450.6140644,-503.0241459,-5.775601153,34531.71718,34053.07297,0,0
111,23939000,58000,0.002353139,0.009746986,0.022726262,-75.97316546,-374.4327295,614.3953643,0.114923656,0.140640424,0.171450335,-168.7971096,-784.2702492,825.7422241,-10.64828836,-17.53802396,-74179.71625,-67070.65427,0
112,52803000,-18000,0.006221323,0.024957467,0.055244157,-6246.405073,-24318.89175,0,0,0,0,0,0,0,0,0,0,0,0
113,23939000,68000,0.002742788,0.010340415,0.025726618,0.039359122,-469.2041923,596.268677,0.110876503,0.159142318,0.181886703,-79.24106175,-817.9829334,838.3404513,3.665750923,-9.18689633,-79613.79102,-68404.49714,0
114,105606000,28000,-0.011305305,-0.048608762,-0.116182875,-0.179943285,67358.66708,0,0,0,0,0,0,0,0,0,0,0,0
115,11970000,-22000,-0.001201061,-0.004829019,-0.010774797,-0.01996234,212.8591296,-272.382906,-0.052917945,-0.076008532,-0.097932527,14.8875416,431.1107556,-412.7435976,-1.960326954,4.412971206,34414.04155,33871.14321,0
116,279091000,-85000,0.030032144,-73617.05486,-5982.146043,0,0,0,0,0,0,0,0,0,0,0,0,0,0
117,211212000,11000,-0.022859858,-0.094121223,-0.239973749,-0.381319862,124109.4643,20521.83645,0,0,0,0,0,0,0,0,0,0,0
118,27197000,-54000,-0.002681633,-0.011832484,-0.025609733,-0.050270978,468.219172,-193.5812686,-0.123241427,-0.17732627,-0.220874956,-0.270837517,820.5289624,22624.52475,30387.74153,0,0,0,0
119,11970000,-1000,0.001377392,0.005312983,0.011742082,0.018417481,-185.4507823,273.8379424,0.055569271,0.077472009,0.090724644,0.108372562,-390.1311976,325.6967539,3.905014422,-7.875130297,-35005.47318,-31312.33564,0
120,27197000,-52000,-0.003017444,-0.012425703,-0.028052184,-0.041408032,500.6119592,-182.8205266,-0.116890928,-0.156300804,-0.207412353,-0.234978306,808.13355,22485.47151,35576.91826,0,0,0,0
121,27197000,-55000,-0.003083281,-0.011358502,-0.029704465,-0.043638588,388.3396898,-150.1881106,-0.133436085,-0.17057564,-0.189656864,-0.239332434,754.8276744,18545.28457,36870.11005,0,0,0,0
122,27197000,-53000,-0.003162801,-0.011042116,-0.027538089,-0.046627126,406.4527019,-147.510646,-0.129063701,-0.171450616,-0.192608847,-0.226689777,755.2200961,18018.28933,31508.78436,0,0,0,0
123,27197000,-59000,-0.003084747,-0.011131697,-0.029419158,-0.046140322,294.1858905,-49.73328438,-0.131061149,-0.153263717,-0.227143476,-0.239480994,659.6455038,19527.31353,35305.74071,0,0,0,0
124,35909000,67000,0.003894264,0.013451257,0.032942237,0.054662923,-389.3358433,505.7555308,0.170108257,0.22756918,0.29786684,0.328297227,-760.6888666,711.162453,20.67369625,-65.37877632,-109428.4258,-111024.0474,0
125,35909000,53000,0.004245541,0.015085203,0.037106709,0.055490129,-388.333044,451.6953388,0.161854575,0.222029722,0.292194916,0.330552494,-708.4406477,713.6509708,17.49925056,-60.10695556,-93747.43138,-99044.58385,0
126,23939000,11000,-0.002591627,-0.009135137,-0.025113008,-0.043043379,240.3480154,-328.3991502,-0.115659946,-0.134469679,-0.194085011,-0.237906067,441.9862276,-380.6311551,-18.2146079,28.68035525,60734.1906,68485.85219,0
127,105606000,-17000,0.012435023,0.042944664,0.099028916,0.188878964,-38316.45364,-40880.93775,0,0,0,0,0,0,0,0,0,0,0
128,81818000,-219000,-0.0090926,-0.031740884,-0.081942032,-0.128600499,808.5835126,-48.87326109,-0.419120114,-0.46085791,-0.683502619,-0.822628935,1646.149315,56331.84363,104967.1787,0,0,0,0
129,35227000,38000,0.004006093,0.014794967,0.035130243,0.056523058,-345.3897256,507.0901631,0.158708384,0.231096972,0.282248792,0.296813246,-729.4367809,599.9999883,34.04780534,-56.30419994,-100829.0591,-110010.6916,0
130,11970000,15000,0.001349397,0.005376279,0.012617425,0.020394871,-122.5345458,144.5595167,0.058733224,0.070234152,0.085214248,0.100086711,-230.2889615,187.1740169,10.5314804,-18.49256961,-36746.42559,-36237.90908,0
131,11667000,-13000,-0.001250762,-0.005323624,-0.010967557,-0.019278177,128.0751224,-160.8692397,-0.05545477,-0.073651971,-0.090898195,-0.097737537,252.0061963,-180.6505425,-11.72765928,15.72587969,33226.44695,33398.03659,0
132,11939000,-32000,-0.001187433,-0.004812288,-0.012925912,89.8619502,120.6445778,-295.3888892,-0.051762735,-0.078087764,-0.084014872,201.9979462,234.6553594,-366.1605498,-8.499443583,9.349841336,41736.8524,28445.96786,0
133,27273000,79000,0.002926457,0.012088992,0.026527352,0.045369303,-277.9398582,17.33203382,0.133611819,0.157128335,0.192535895,0.273670164,-588.5544348,-20471.42574,-36009.81247,0,0,0,0
134,11970000,-29000,-0.001396888,-0.004896034,-0.01079963,-0.019023202,127.9670739,-165.214521,-0.057637347,-0.067797894,-0.099206979,-0.120993799,259.0626397,-200.9474707,-12.58221926,18.14997235,31599.85416,33449.7471,0
135,23939000,-152000,-0.002632629,-0.01051339,-0.025224894,-0.039123543,89.18767852,-116.1419322,-0.120233372,-0.143443413,-0.195679542,-0.207550127,149.8953175,-144.5151695,-0.993411655,-9.946274771,62171.15443,73341.77333,0
136,52803000,-61000,-0.006306137,-0.024181394,-0.049464405,-0.085648062,4706.816947,37832.89988,0,0,0,0,0,0,0,0,0,0,0
137,54394000,312000,0.006379442,0.020552661,0.058717608,0.093390935,-162.1640549,-469.1244048,0.274452192,0.349067867,0.419832238,0.529705839,-252.5237899,-38365.73259,-74697.5592,0,0,0,0
138,23939000,-305000,-0.002501208,-0.010529081,-0.02568803,-0.03998668,69.64225852,-97.21872074,-0.115214904,-0.157349439,-0.193447323,-0.206134734,103.7517721,-86.80866169,-7.560971617,-0.185173883,60451.48768,76289.46077,0
139,54394000,320000,0.006100143,0.024423867,0.051342534,0.094924786,-153.7181468,-427.7788196,0.274583037,0.302278457,0.435836955,0.473483901,-247.364828,-40912.39226,-74941.02253,0,0,0,0
140,27197000,160000,0.002999163,0.0108026,0.025590315,0.041188593,-86.19565236,-235.4499441,0.118856881,0.156179934,0.195263325,0.23116374,-116.560594,-20300.52682,-36690.35806,0,0,0,0
141,23939000,-315000,-0.002754239,-0.009409602,-0.022085996,-0.042004827,-0.061242603,-0.001330905,-0.120989756,-0.141361984,-0.199403825,-0.242016096,-0.268412065,-0.164954087,-0.63164199,-1.424104614,59694.86343,71547.9533,0
142,81591000,470000,0.008910017,0.033941873,0.074709675,0.126440654,0.224234656,-904.6550239,0.41700616,0.480035888,0.637025383,0.717812837,0.828009893,-59367.38884,-119564.2501,0,0,0,0
143,56136000,-513000,-0.005801232,-0.023008395,-0.055682359,-0.100301434,-0.141607241,-0.003003161,-0.28270766,-0.310086025,-0.419139416,-0.513187304,-0.599080381,-0.344718196,76994.15131,125424.057,0,0,0
144,56136000,-513000,-0.006301422,-0.021003975,-0.060124483,-0.086451296,-0.128046339,-0.003115688,-0.255353608,-0.336341316,-0.436943365,-0.47647048,-0.66370485,-0.406173934,75212.48234,127409.4549,0,0,0
145,27197000,153000,0.002941867,0.011486185,0.028097405,0.049019048,0.06342552,-299.7221581,0.130358817,0.167003535,0.221352741,0.228007864,0.308688211,-20370.68733,-35377.7909,0,0,0,0
146,69697000,51000,0.007174438,0.027283798,-27716.9477,0,0,0,0,0,0,0,0,0,0,0,0,0,0
147,53030000,-70000,-0.005593673,-0.023686422,-0.05543374,-0.085883513,-0.133050139,38175.73962,0,0,0,0,0,0,0,0,0,0,0
148,27197000,155000,0.003003367,0.012196668,0.025749819,0.044478256,0.069638098,-294.0942057,0.118111571,0.163427539,0.205131414,0.234791093,0.271602566,-18540.19478,-41827.53998,0,0,0,0
149,11970000,-160000,-0.001223278,-0.004843505,-0.012638744,-0.019157534,-0.031050204,-0.000681926,-0.060264281,-0.074312502,-0.090288384,-0.117626732,-0.122888599,-0.084512161,-0.341780203,-0.851056116,32013.87804,37976.99,0
150,54394000,306000,0.006169315,0.023634183,0.053767435,0.084132527,0.129825565,-626.4251587,0.27798183,0.306965691,0.417769636,0.50409778,0.652861192,-39946.77282,-76822.7898,0,0,0,0
151,11970000,-157000,-0.001323348,-0.005369791,-0.012607769,-0.021904933,-0.031682942,-0.000622022,-0.05341333,-0.070091388,-0.082083944,-0.100097263,-0.142123009,-0.078292206,-0.380859236,-0.855661452,33847.84933,36721.97931,0
152,16500000,0,0.001877226,0.006400821,0.016253241,-236.7253513,-21.60591779,369.8518988,0.083256801,0.109422067,0.133233821,-514.7014085,-40.74053217,476.2681689,7.782218786,-31.91552499,-12719.20442,-81295.12089,0
153,16177000,24000,0.001861309,0.007379182,0.016168802,-230.3314664,-20.54323522,393.6919896,0.081279769,0.105064364,0.135073459,-573.5159028,-42.06966056,420.6069,7.806747841,-28.95581316,-13154.41789,-89135.95889,0
154,4076000,6000,0.000402925,0.001605453,0.004297443,-59.42197937,-5.574724442,94.54297111,0.020529716,0.02743506,0.030866058,-133.2076718,-10.63185001,102.4984462,2.021070821,-6.851491867,-3465.92727,-21852.15289,0
155,47879000,600000,-81.02683728,0.020819066,0.052185764,0.076818259,0.128292538,505.777697,-657.166892,0.274350341,0.355310775,0.445048941,0.478396385,155.16526,-4.777832064,-7.276567667,-104008.7737,-156339.7122,0
156,57879000,-637000,94.71079358,-0.026285488,-0.052239183,-0.104504091,-0.132620572,-687.3403004,772.7361187,-0.328951131,-0.429959114,-0.494550587,-0.64148448,-192.0395661,6.088761852,101771.9383,174476.216,0,0
157,18712000,126000,-30.13687522,0.007233862,0.018725016,0.032995854,0.046159172,196.5537722,-224.1602471,0.117921679,0.149157006,0.17252053,0.195709677,52.68568311,-25345.44894,-45265.08288,0,0,0
158,11970000,-124000,17.09091263,-0.005173001,-0.012807178,-0.02000719,-0.029334399,-144.9698422,147.9895601,-0.076212474,-0.094344052,-0.102815824,-0.132176492,-36.2513386,1.336123191,1.890440844,27939.75565,42546.53961,0
159,12121000,-141000,21.95680163,-0.004780104,-0.011057128,-0.019964526,-0.031047,-131.9173338,144.151725,-0.073444418,-0.09296546,-0.122053498,-0.132450176,-35.39028859,0.221684627,2.026691827,28794.7222,41667.07097,0
160,11970000,163000,-26.34381724,0.004535625,0.011260457,0.018560553,0.030923705,144.1615327,-158.5855322,0.07160506,0.085438085,0.116045555,0.126577667,42.01538806,-0.520284517,-2.748934356,-29360.27842,-39317.65905,0
161,12121000,81000,-43.10610348,0.0050576,0.012498296,0.01819898,0.033445127,221.8670102,-237.291934,0.078169127,0.100070465,0.11981877,0.122820118,53.54583066,-0.06372854,-2.984382015,-26273.75142,-48282.0679,0
162,94394000,107000,0.009797007,0.040277844,0.087509543,0.174749657,0.265727441,0.36782563,0.475645791,-76986.50801,-26105.46297,0,0,0,0,0,0,0,0
163,11667000,13000,0.001281265,0.00455982,0.012890297,0.021577503,0.032342591,0.048044862,0.061791996,-9804.932879,-3078.861977,0,0,0,0,0,0,0,0
164,105606000,119000,0.01173469,0.045708333,0.108270926,0.182537997,0.260298307,0.427345607,-97348.8906,0,0,0,0,0,0,0,0,0,0
165,11970000,138000,-44.76500414,-7.325757513,0.011878886,0.01981179,0.028963682,299.02053,-294.2131729,-21.31617345,0.090600507,0.105837481,0.124954401,83.20849281,1.003906732,-9.109066982,-26016.47333,-46561.95573,0
166,11970000,118000,-41.18448321,-25.37630013,0.010651073,0.018022589,0.027139098,255.9417953,-243.4745134,-86.59727814,0.092711412,0.118373572,0.127817729,93.96294513,-0.567234858,-3.085422023,-26220.51737,-44044.2964,0
167,11970000,-130000,44.91427881,14.2181336,-0.01109859,-0.019889984,-0.029888001,-276.6856653,273.8027229,64.92244534,-0.093319748,-0.110450819,-0.138375915,-98.73403888,0.605525287,3.772591537,26017.96327,51186.78162,0
168,23939000,287000,-89.25148653,-20.28599946,0.025241326,0.042238738,0.054378116,578.879713,-628.7935191,-67.36963183,0.196931296,0.198159421,0.276134419,186.9097098,-6.25910159,-9.834874359,-55179.10795,-93789.89912,0
169,11970000,-149000,42.42432157,9.965763763,-0.010961335,-0.018646046,-0.028097134,-303.4463704,270.14567,31.788691,-0.09233512,-0.117567685,-0.126337655,-94.06575761,2.718250763,5.02166184,24916.28767,48228.15266,0
170,12197000,-151000,49.65443961,11.20111103,-0.011532059,-0.020319817,-0.032434679,-293.1796949,296.4371895,34.80776385,-0.087085909,-0.106693551,-0.136470072,-84.88297397,2.84865478,4.821080381,23751.27887,48096.68222,0
171,5444000,58000,-19.19621285,-6.289940206,0.005465847,0.009013149,0.013242279,141.3533803,-111.8378381,-33.95956325,0.043744407,0.049025726,0.054740685,48.09846393,-0.29887359,-1.67820909,-11846.18959,-23170.12544,0
172,39160000,418000,-158.3232882,-46.98605817,0.034903408,0.059081582,0.094721539,883.3796347,-877.1082063,-221.2868344,0.313332082,0.386255832,0.425125264,345.649108,-2.173900593,-11.72369672,-76565.99414,-155418.399,0
173,2472000,26000,-9.567647584,-2.922618923,0.002425448,0.00394791,0.005896049,63.61752763,-54.70126317,-14.89875867,0.019369007,0.020621132,0.029673381,21.01941697,-0.131947982,-0.822292936,-5671.959956,-9831.270985,0
174,1409000,15000,-5.007512816,-1.597821796,0.001289997,0.002340421,0.003809494,31.84049709,-30.37621249,-8.958516293,0.00979482,0.011633855,0.016751466,10.67547342,-0.075766592,-0.453343145,-3127.85612,-5040.803214,0
175,59848000,-675000,103.9664343,309.3170063,-0.05943667,-0.103828975,-0.152501672,-1416.277331,699.6778493,954.8841415,-0.425747938,-0.509311829,-0.597551,-660.6223449,-9.561987924,44.50657221,105039.0981,251371.5686,0
176,135985000,560000,-270.5908407,-660.0124416,0.124192666,0.238024037,0.343837457,2014.132672,-1565.248329,-2189.920065,1.013697589,1.20858942,1.396150424,-72456.25353,-246945.1932,0,0,0,0
177,14470000,142000,-22.14799281,-69.31338465,0.015566929,0.022946573,0.032789512,366.240646,-129.6164724,-276.878819,0.107729222,0.140126398,0.169687697,153.9453078,0.56489132,-19885.06466,-51360.64324,0,0
178,12121000,132000,-14.94877971,-67.40464922,0.011917272,0.021266424,0.032434859,279.1538675,-88.25534297,-298.6097213,0.093651295,0.116903162,0.138407747,139.2458614,1.458949342,-10.42422733,-24035.39352,-49439.66017,0
179,11970000,130000,-14.39469043,-69.96852595,0.012540771,0.021536427,0.032492408,262.2846616,-86.33633684,-284.2796048,0.083233098,0.10111447,0.136070937,133.2796978,1.687274265,-12.24029165,-21595.07339,-46074.99435,0
180,52803000,58000,0.005793148,0.024023083,0.04971819,0.097305674,0.128266714,0.200933809,-5857.87988,-42387.71333,0,0,0,0,0,0,0,0,0
181,27197000,-93000,24.23338077,172.7640158,-0.028387132,-0.044812196,-0.071452024,-445.8924228,93.35575155,781.3406877,-0.187830824,-0.224174875,-0.279300799,12258.11649,55490.28518,0,0,0,0
182,24242000,77000,0.002869427,-184.239,0.024758871,0.043943182,0.064242098,574.8028413,0.117988122,-659.9345369,0.170628692,0.213045299,0.27514535,313.7358397,-10.97669328,-15.30479143,-37967.32542,-113491.9474,0
183,166667000,-499000,-1.70687E-05,-5.18254E-06,4.61975E-06,-4.84747E-05,1.44905E-05,-2560.706043,-140546.2411,-4682.228766,-1.364303433,-1.416200672,-1.695361164,88156.69572,308797.5618,0,0,0,0
184,24242000,87000,0.002454019,-217.7859063,0.02385453,0.042056046,0.05578899,541.2109417,0.109409107,-787.5525832,0.172292634,0.225938479,0.252218238,365.3037194,-9.698773607,-17.68670984,-37359.28735,-100580.8201,0
185,11970000,43000,0.001199684,-91.02291682,-4.449780523,0.018370102,0.031421219,288.6970324,0.05933383,-293.8438946,-50.46426234,0.112650737,0.131786597,169.4615123,-1.61885207,-5.555024327,-21795.71613,-47641.13827,0
186,23939000,112000,0.002435793,-209.4277679,-8.38610522,0.043392615,0.062993986,563.6070481,0.103082963,-661.4414684,-97.2237347,0.200058828,0.238085239,326.4718879,-3.226970523,-10.9165449,-37241.03008,-104998.1581,0
187,12121000,-44000,-0.001473123,98.06316037,8.981751148,-0.018846922,-0.031275728,-305.0719573,-0.055970864,335.597991,55.8680549,-0.119791869,-0.142915696,-181.0405036,-0.112404182,6.733479639,19993.9654,53056.02904,0
188,12121000,44000,0.001471179,-89.24879723,-9.425384188,0.021921426,0.032641035,266.4076447,0.059468377,-319.9229922,-50.02433424,0.10873793,0.118977912,163.3757966,0.106360126,-7.977527636,-19680.60445,-49310.21644,0
189,69773000,39000,0.007512806,0.026782318,0.069911092,0.115611089,-39977.19962,-7963.919396,0,0,0,0,0,0,0,0,0,0,0
190,69773000,29000,0.007180555,0.030916637,0.071201877,0.115474848,-36922.15891,-8763.958337,0,0,0,0,0,0,0,0,0,0,0
191,11970000,44000,0.001226101,-75.32362828,-38.26974125,0.019242706,0.028693734,302.2067505,0.061738191,-260.558554,-134.2480666,0.098397486,0.132141669,185.1910485,-2.893584682,-3.651684745,-17677.03169,-55202.66033,0
192,23939000,-57000,-0.002913051,163.8754666,70.04840228,-0.040682003,-0.064130299,-535.4758074,-0.115511689,508.9344544,281.062415,-0.200225399,-0.266196987,-419.811439,-1.858272469,23.02641407,37415.79549,101414.2336,0
193,27197000,-39000,-0.002830619,155.0150161,82.72462721,-0.045018069,-0.067875792,-442.1948216,-0.133835088,607.1470878,312.9378432,-0.22939932,-0.293899626,10560.86672,48305.67189,0,0,0,0
194,23939000,-27000,-0.002907287,132.4443073,112.0473648,-0.043029472,-0.065439831,-579.8832073,-0.107297114,459.490321,303.1059839,-0.210326382,-0.253419721,-398.3304193,-0.868165693,12.61830936,38839.65993,116521.5031,0
195,158409000,-32000,-0.016494372,-0.067505093,-0.147939594,-0.277408082,-0.387576791,-0.605257584,-0.706614241,81790.57365,76113.21337,0,0,0,0,0,0,0,0
196,12273000,30000,0.001385382,-63.32546309,-62.91506507,0.018786977,0.030882778,295.9998974,0.058258425,-215.2971556,-184.2903673,0.109169283,0.132340687,195.264896,-3.09642112,-11.18825416,-19956.27807,-58107.69859,0
197,27273000,-26000,-0.002861287,130.192224,132.7911049,-0.047914501,-0.065499373,-488.6441912,-0.120119073,429.48688,444.0751161,-0.238110073,-0.325725911,11093.59778,58868.29455,0,0,0,0
198,18594000,-121000,-0.002231979,124.5148943,43.54121684,-0.029072913,-0.045628428,-442.8907527,-0.083247469,411.6846734,129.8750973,-0.174361361,-0.182266011,-266.9718341,-6.002454165,23.23891369,30318.96771,79780.93726,0
199,5139000,-33000,-0.000563045,32.15174204,11.25155874,-0.008984043,-0.013525724,-132.5223749,-0.023745644,112.0330819,30.15359852,-0.047847332,-0.055755545,-82.95372526,0.174334697,6.337364546,7627.172099,22374.79838,0
200,509000,-3000,-5.39102E-05,3.502957353,1.194750104,-0.000832421,-0.00137202,-11.93782478,-0.002349971,13.27092695,3.015462357,-0.004544263,-0.005367239,-8.345484953,0.016835205,0.567884971,742.5923728,2204.515057,0
201,12273000,43000,-0.001392819,41.00302792,84.14564179,-0.020456768,-0.031549935,-262.8971626,-0.05341938,130.7867846,227.3484096,-0.106573087,-0.124957201,-214.9402355,-0.707176098,6.92852493,16945.66704,56028.30976,0
202,11970000,42000,-0.001452416,41.04777164,81.05319579,-0.018615383,-0.031678495,-283.9742532,-0.059040549,120.6840089,266.7513836,-0.110566172,-0.128428383,-209.1710202,-3.758228359,18.03797041,15314.625,52183.03412,0
203,11970000,15000,0.001390891,-33.14376597,-98.125609,0.021027102,0.026886049,279.3354713,0.059300093,-85.35128646,-325.9257915,0.111449023,0.142749404,216.9787809,0.488392642,-8.691104745,-17095.07773,-54738.03909,0
204,11970000,15000,0.001420266,-33.33596284,-97.49362916,0.020463605,0.027014435,292.7963718,0.057734776,-85.35032604,-297.882639,0.104605652,0.138150492,223.1319663,0.476885247,-9.418641104,-16784.15137,-58407.61531,0
205,316818000,-216000,-0.035608021,-0.129870128,-0.324092743,-0.55151492,-0.770198787,-1.211422159,-1.689926238,55474.95015,305550.9279,0,0,0,0,0,0,0,0
206,71818000,-31000,0.007415961,-136.0981786,-712.4777946,0.121045485,0.181156712,1645.945196,0.368686053,-360.1958516,-2177.575366,0.589845914,0.748394462,1306.731781,6.533434909,-39.99953029,-91026.72207,-351990.4759,0
207,11970000,-36000,0.001259093,-13.25409354,-133.9633054,0.019513799,0.027279761,261.0752283,0.054187114,0.080691795,-419.3629242,0.114904831,0.13548605,228.4865003,1.029647451,-10.74731391,-16313.59505,-54875.70246,0
208,11970000,-51000,0.001355361,-15.47710885,-139.4239543,0.017781902,0.028719392,262.5577185,0.060564162,0.079395426,-366.8780682,0.115011146,0.136261766,256.0942576,0.986071315,-9.491036153,-15452.45793,-63065.50562,0
209,59848000,240000,-0.006617156,-0.02770673,713.0380206,-0.108230617,-0.163168245,-1463.747581,-0.256806123,-0.391590625,1946.972166,146.9290753,-0.699292375,-1353.957237,-7.545827951,23.93563572,75718.90332,275319.9397,0
210,72348000,-161000,0.008066903,0.028377818,-961.7637453,0.110046593,0.1940432,1726.960653,0.357048593,0.406334359,-2151.715,-177.6162601,0.758522411,1565.835686,7.927837873,-68588.39559,-278734.6375,0,0
211,11970000,-4000,0.001428303,0.005055676,-137.611351,0.02003937,0.029373135,311.0765846,0.054837466,0.080061097,-347.9466482,-44.69216885,0.138562528,273.9887613,-1.350222077,-14.8125378,-13231.84626,-54688.2117,0
212,11970000,23000,0.001388444,0.00506945,-113.5862014,-42.52259389,0.028832995,265.3099503,0.057839048,0.070489549,-272.9490934,-135.5471465,0.134217708,257.8100417,1.438344324,-6.634288256,-14666.77254,-58540.16955,0
213,52803000,60000,0.005263028,0.022913237,0.057809209,0.091635721,0.122599557,0.21731223,0.2536253,0.324555928,-38607.41601,-20573.99739,0,0,0,0,0,0,0
214,11970000,23000,0.001294396,0.005019612,-120.4687677,-41.2047633,0.027713243,297.4937258,0.060747679,0.071818966,-297.4486282,-146.0303967,0.118376952,270.7249258,1.321457177,-6.826876204,-12932.4116,-57481.53362,0
215,11970000,28000,0.001229665,0.005217892,-122.5143399,-37.20280185,0.028087179,287.3875393,0.052168921,0.074784803,-293.8082072,-148.3461086,0.128753731,289.8648174,1.472528996,-6.705713552,-12438.27585,-55240.56219,0
216,11970000,33000,0.001218043,0.005425204,-116.1500943,-37.11794448,0.030342069,265.350675,0.051864659,0.079187403,-277.7901769,-145.6472525,0.139218925,292.1060279,1.470186561,-6.840588505,-14502.79463,-64764.89758,0
217,11970000,-54000,-0.001433079,-0.00518407,110.8605365,47.35968442,-0.027887583,-278.1733527,-0.056449655,-0.06776667,276.761944,159.9545171,-0.135256921,-250.4125949,-5.198436835,18.19287718,13225.72539,66800.70109,0
218,105606000,168000,0.011877817,0.044845232,0.099382701,0.192752798,0.296332987,0.405556174,0.48168206,0.657785692,-62741.31321,-65350.2469,0,0,0,0,0,0,0
219,23939000,178000,0.002526542,0.010165809,-178.7680435,-132.1985636,0.060773524,605.8999866,0.116375716,0.148468473,-401.167375,-458.250786,0.281313566,568.0837779,6.471667282,-25.88404953,-24740.42376,-121921.1962,0
220,54394000,-167000,-0.006474572,-0.023508294,325.5639614,481.453895,-0.125948106,-1067.538585,-0.260058979,-0.306495335,802.9093184,1098.259697,-0.564692806,12836.71224,113284.7526,0,0,0,0
221,23939000,140000,0.002886744,0.010538326,-145.1412617,-190.2520164,0.056057262,513.9798092,0.103207283,0.15870662,-400.0104011,-477.2867437,0.253636475,546.6711464,3.513708221,-24.81229661,-23091.43305,-129341.6712,0
222,219697000,73000,0.026210413,0.090550715,0.217255836,0.379860701,0.593674704,0.766239068,1.052968051,-63665.43522,-176239.2553,0,0,0,0,0,0,0,0
223,219697000,205000,0.022281417,0.088036069,0.242658042,0.358646669,0.61143003,0.850017843,1.122542706,1.33446355,-233069.7548,-28091.82427,0,0,0,0,0,0,0
224,52803000,-79000,-0.005494648,-0.020796344,-0.057611777,-0.091724489,-0.134116818,-0.178242425,-0.238601349,-0.306625407,28049.76394,36362.32238,0,0,0,0,0,0,0
225,11970000,-86000,-0.001322218,-0.004723199,71.78836492,110.7874008,-0.028301721,-289.9634766,-0.051665613,-0.066632197,165.886639,242.9258903,-0.123254184,-311.7989716,-2.276819741,9.10648597,12765.96184,65068.47896,0
226,59091000,107000,4066.327188,0.022865276,0.054362627,0.093833371,0.148853589,770.0728718,-901.7368765,0.349103042,0.477016885,0.570895206,0.60890667,224.1370047,-7.29047646,-206618.5129,-17004.21523,0,0
227,37727000,-23000,-2849.815389,-0.01593566,-0.034457592,-0.066271141,-0.098885547,-532.0173898,619.8156522,-0.211607918,-0.275072268,-0.31405245,-0.4274074,-141.8080528,4.907475831,12.26709053,-44.43903762,239880.6346,8071.254123
228,52803000,-12000,0.005963186,0.02023363,0.055213622,0.082304283,0.144524624,0.198706579,0.260724943,0.359036777,-22374.73831,-38266.25362,0,0,0,0,0,0,0
229,52803000,10000,4171.410328,0.021527306,0.056019996,0.094920435,0.134752042,64.6513393,0.26606222,0.359920657,0.416910759,0.465494551,0.599371567,-74249.96863,-8562.644773,0,0,0,0
230,105606000,21000,8055.862358,0.042528965,0.096779728,0.187888201,0.269912142,127.2941322,0.53089324,0.662592025,0.868051636,0.906143585,1.184303134,-135292.8819,-15615.82565,0,0,0,0
231,50000000,1000,-0.005927603,119.7066996,433.7659002,-0.085640937,-0.126779236,-1089.507584,-0.260365216,321.3062613,1398.098665,-0.472732891,-0.574533789,-935.2568653,-9.433353709,44.61397123,71879.89852,227336.819,0
232,109091000,-63000,-0.012025938,-0.044734347,-0.106618941,-0.166945706,-0.259139691,-0.434997235,-0.546323053,-0.699938604,36024.65283,105648.25,0,0,0,0,0,0,0
233,24242000,28000,0.002784346,0.010943963,-77.66344228,-303.2195976,0.054797077,628.0064758,0.124145005,0.148811464,-197.4380393,-652.1591832,0.249357204,617.1910636,8.215426614,-26.48111066,-21828.99641,-122685.7817,0
234,108788000,-114000,-0.010806599,-0.043124554,270.4278551,1477.999591,-0.292097164,-2176.731353,-0.537513058,-0.704114134,788.8847501,3346.209359,-1.290990911,23595.44209,241807.2665,0,0,0,0
235,47879000,47000,0.004937459,0.019635861,-133.2252642,-568.2985327,0.116364004,1219.979129,0.21265218,0.289427267,-347.9021015,-1433.019089,0.557000118,1186.209186,9.191951878,-33.47807379,-42525.71606,-276908.5863,0
236,23939000,-80000,-0.002706547,-0.009335185,48.42715981,349.1889518,-0.055449109,-583.6637681,-0.120980321,-0.138241043,133.2273258,637.2530433,-0.280788,-668.5323825,-12.49669149,40.44083817,21790.86503,133206.9583,0
237,12121000,-9000,-0.001395334,-0.005502579,24.42621018,171.5962803,-0.03116005,-299.8988445,-0.062870523,-0.080908312,62.33914588,321.3988019,-0.139990987,-329.0646634,-6.350940755,19.81042775,10100.07581,63672.01802,0
238,81591000,-156000,-0.009011312,-0.035370931,168.9237513,1162.115098,-0.206010105,-1557.164208,-0.357760126,-0.486519001,489.5900836,2254.091233,-0.865384074,16313.70334,173373.6166,0,0,0,0
239,35909000,105000,0.004272969,0.013577044,-78.41615959,-475.4070277,0.082145013,832.87914,0.169674972,0.2013273,-206.439963,-1110.715887,0.382106558,927.0932861,16.01947381,-60.63907407,-34138.30703,-191980.5868,0
240,52803000,-55000,-0.005348589,-0.023944172,-0.048705582,-0.0983089,-0.132361682,-0.185212031,-0.281706124,-0.320001663,8615.611775,55071.10307,0,0,0,0,0,0,0
241,55475000,-525000,-0.0066284,-0.0217496,-0.056005697,865.5782183,79.70325142,-1294.803074,-0.240648159,-0.30847398,-0.391853387,1705.888005,127.1512254,-1469.88786,-30.6700418,109.739464,48934.18584,298839.315,0
242,40478000,-8000,0.004048788,0.01764727,0.042614729,-549.7884382,-54.32989898,999.3989986,0.196234769,0.231599704,0.311303958,-1318.852381,-100.855751,1187.693797,21.60186937,-73.48977999,-34777.70154,-232829.7552,0
243,74241000,-447000,-0.008555122,-0.029200388,-0.076613556,1005.60197,100.2760431,-1780.818357,-0.362382547,-0.423481201,-0.626172469,2429.467956,189.8551306,-2003.055926,-36.8520854,144.4704731,59337.64592,390573.0534,0
244,105606000,-136000,-0.010487263,-0.04201581,-0.110193892,-0.186710211,-0.272592222,-0.424599633,-0.520015451,-0.712641199,-0.817818341,117896.8282,4882.956602,0,0,0,0,0,0
245,11970000,5000,0.001340773,0.005338542,0.01261651,-170.4079184,-38.98338939,281.8646716,0.055085312,0.072360413,0.093948325,-366.7098066,-47.18561262,326.6768962,-3.932886233,-10.63756433,-9529.698584,-60880.88578,0
246,11970000,-30000,0.001380563,0.005015073,0.012979599,-155.2430281,-39.20044158,282.3515356,0.058678476,0.075592738,0.090055453,-326.4747704,-97.19610628,305.9910606,2.29843347,-7.522131652,-8463.191857,-69242.60873,0
247,11970000,25000,0.001349787,0.005312087,-26.7038474,-170.3925016,0.032023446,301.0075583,0.060196961,0.078920592,-63.80285348,-367.0328735,0.137923329,329.4427974,5.935801841,-19.97068109,-10202.6275,-69861.92611,0
248,110606000,78000,0.011593917,0.050271548,0.118256143,0.17913418,0.276426026,0.42451913,0.500297543,0.639279038,-56005.88286,-77934.65411,0,0,0,0,0,0,0
249,11364000,-40000,-0.001188885,-0.004798065,-0.011622113,85.20128909,111.2963573,-256.2379323,-0.058446232,-0.075094982,-0.090443653,182.8936479,231.5648744,-332.7786165,-7.570743745,9.227126923,33116.11694,28507.11271,0
250,11970000,-90000,0.001333511,0.004846053,0.011056872,-49.72446332,-162.7042713,257.1847177,0.055488198,0.067885861,0.086209902,-103.4866403,-374.7688863,373.8242075,7.238349892,-18.09225512,-6059.498028,-71398.30112,0
251,27197000,74000,-0.002994773,-0.011243102,-0.027445529,108.3461316,377.0597961,-608.8202309,-0.125918929,-0.158862448,-0.226506247,229.1095833,782.8786996,2999.410617,73816.96016,0,0,0,0
252,27197000,62000,-0.003044288,-0.011709584,-0.027460782,99.83371826,367.7668284,-571.6666442,-0.121295918,-0.17626319,-0.216182892,223.9757382,725.8010054,2639.765356,65042.1999,0,0,0,0
253,11970000,49000,-0.001406836,-0.005458313,-0.011200426,38.2614216,187.9246368,-293.07345,-0.06161712,-0.078769801,-0.089504101,79.05301038,373.7802237,-357.0447172,4.890059304,9.092016215,5614.317358,76725.53287,0
254,52803000,20000,-0.005725539,-0.022269781,-0.057653126,-0.080333723,-0.126568869,-0.181248466,-0.26774372,-0.343181311,-0.377674011,4200.983628,66715.84156,0,0,0,0,0,0
255,23939000,78000,-0.002804124,-0.009192815,-0.023362302,-0.039210344,496.2564202,-602.2393326,-0.108960059,-0.139726704,-0.190485025,53.70055225,791.3428551,-855.0399946,-3.523507258,1.45919172,9568.884446,155618.9599,0
256,54394000,-45000,0.006457962,0.020723501,0.051167694,0.089927482,-1026.951604,1262.607369,0.251041308,0.356798192,0.44110599,-126.2183044,-1985.518789,-4682.856362,-140905.9591,0,0,0,0
257,52803000,22000,-0.005239054,-0.021952305,-0.050760353,-0.097291072,-0.143670778,-0.185600637,-0.252741464,-0.352112779,-0.419124373,2192.353312,66831.20243,0,0,0,0,0,0
258,11970000,19000,-0.001356298,-0.004940705,-0.011313431,-0.019657208,199.5570128,-236.9556285,-0.051307399,-0.076999033,-0.094583408,-0.116556707,360.1210224,-325.9186328,-1.775181378,-0.39364383,3907.264597,76127.89325,0
259,11970000,-17000,-0.001317151,-0.00448568,-0.012952726,-0.019436058,141.8858496,-193.521302,-0.059726666,-0.078821488,-0.09307686,-0.101304519,296.8955328,-243.2012356,-1.544627913,3.030589238,3741.548058,74893.05697,0
260,27197000,3000,0.00294413,0.010535454,0.02614773,0.048068567,-372.4606127,400.4400093,0.121000801,0.171736195,0.226191314,0.271416121,-708.3249789,-1434.509016,-69045.28524,0,0,0,0
